geographic_region_africa = {
	short_key = "africa"

	strategic_regions = {
		sr:region_nile_basin
		sr:region_ethiopia
		sr:region_north_africa
		sr:region_senegal
		sr:region_niger
		sr:region_congo
		sr:region_southern_africa
		sr:region_zanj
	}
}

geographic_region_subsaharan_africa = {
	short_key = "subsaharan_africa"

	strategic_regions = {
		sr:region_ethiopia
		sr:region_senegal
		sr:region_niger
		sr:region_congo
		sr:region_southern_africa
		sr:region_zanj
	}

	state_regions = {
		STATE_EQUATORIA
		STATE_DARFUR
		STATE_KORDOFAN
		STATE_BLUE_NILE
		STATE_DONGOLA
	}
}

geographic_region_north_africa = {
	short_key = "north_africa"

	strategic_regions = {
		sr:region_north_africa
	}

	state_regions = {
		STATE_MATRUH
		STATE_EGYPTIAN_DESERT
		STATE_LOWER_EGYPT
		STATE_MIDDLE_EGYPT
		STATE_UPPER_EGYPT
		STATE_SINAI
	}
}

geographic_region_south_africa = {
	short_key = "south_africa"

	state_regions = {
		STATE_NORTHERN_CAPE
		STATE_CAPE_COLONY
		STATE_EASTERN_CAPE
		STATE_VRYSTAAT
		STATE_TRANSVAAL
		STATE_ZULULAND
	}
}

geographic_region_west_africa = {
	short_key = "west_africa"

	strategic_regions = {
		sr:region_senegal
		sr:region_niger
	}
}

geographic_region_angola = {
	short_key = "angola"

	state_regions = {
		STATE_NORTH_ANGOLA
		STATE_SOUTH_ANGOLA
		STATE_EAST_ANGOLA
	}
}

geographic_region_mozambique = {
	short_key = "mozambique"

	state_regions = {
		STATE_MOCAMBIQUE
		STATE_ZAMBEZIA
		STATE_LOURENCO_MARQUES
	}
}

geographic_region_zambezi_basin = {
	short_key = "zambezi_basin"

	state_regions = {
		STATE_KAZEMBE
		STATE_ZAMBIA
		STATE_ZAMBEZI
	}
}
